2026-04-05T12:21:16.164177	シグナル変化: HOLD → **SELL**  (スコア: -38)
  fear_greed: 12 (Extreme Fear)  (-76)
  vix: 23.9  (+0)
2026-04-05T12:28:54.745449	シグナル変化: HOLD → **SELL**  (スコア: -38)
  fear_greed: 12 (Extreme Fear)  (-76)
  vix: 23.9  (+0)
2026-04-05T12:30:47.425989	シグナル変化: HOLD → **SELL**  (スコア: -38)
  fear_greed: 12 (Extreme Fear)  (-76)
  vix: 23.9  (+0)
2026-04-05T13:00:50.735759	[TDnet] 9433 KDDI
  過年度の有価証券報告書等の訂正報告書の提出及び過年度の決算短信等の訂正に関するお知らせ
  スコア: -40 (SELL)  キーワード: 訂正報告書
  https://irbank.net/9433/140120260330593405
2026-04-05T13:00:51.153253	[TDnet] 6469 放電精密加工研究所
  2026年2月期通期連結業績予想の修正及び期末配当予想の修正(増配)に関するお知らせ
  スコア: +70 (BUY)  キーワード: 増配
  https://irbank.net/6469/140120260331595052
2026-04-05T13:00:51.607212	[TDnet] 4394 エクスモーション
  株式分割及び株式分割に伴う定款の一部変更並びに中間配当の実施及び配当予想の修正(増配)に関するお知らせ
  スコア: +70 (BUY)  キーワード: 増配
  https://irbank.net/4394/140120260402597580
2026-04-05T13:00:52.025745	[TDnet] 3294 イーグランド
  2026年3月期配当予想の修正(無配)に関するお知らせ
  スコア: -70 (SELL)  キーワード: 無配
  https://irbank.net/3294/140120260327590992
2026-04-05T13:00:52.546311	[TDnet] 9651 日本プロセス
  期末配当予想の修正(増配)に関するお知らせ
  スコア: +70 (BUY)  キーワード: 増配
  https://irbank.net/9651/140120260331593759
2026-04-05T13:00:53.003565	[TDnet] 7189 西日本フィナンシャル HD
  通期業績予想の修正および期末配当予想の修正(増配)に関するお知らせ
  スコア: +70 (BUY)  キーワード: 増配
  https://irbank.net/7189/140120260331594376
2026-04-05T13:00:53.507767	[TDnet] 8803 平和不動産
  通期業績予想の修正及び配当予想の修正(増配)に関するお知らせ
  スコア: +70 (BUY)  キーワード: 増配
  https://irbank.net/8803/140120260330593361
2026-04-05T13:00:53.934782	[TDnet] 8377 ほくほく FG
  業績予想および配当予想の修正(増配)に関するお知らせ
  スコア: +70 (BUY)  キーワード: 増配
  https://irbank.net/8377/140120260326590506
2026-04-05T13:00:54.347029	[TDnet] 8387 四国銀行
  業績予想及び配当予想の修正(増配)に関するお知らせ
  スコア: +70 (BUY)  キーワード: 増配
  https://irbank.net/8387/140120260326590511
2026-04-05T13:00:54.783536	[TDnet] 6463 TPR
  業績予想の修正および配当予想の修正(増配)に関するお知らせ
  スコア: +70 (BUY)  キーワード: 増配
  https://irbank.net/6463/140120260327590736
2026-04-05T13:00:55.194892	[TDnet] 9308 乾汽船
  (訂正・数値データ訂正)「特別損失(減損損失)の計上並びに2026年3月期連結業績予想及び配当予想の修正に関するお知らせ」の一部訂正について
  スコア: -50 (SELL)  キーワード: 特別損失
  https://irbank.net/9308/140120260326590584
2026-04-05T13:00:55.849471	[TDnet] 7389 あいち FG
  業績予想の修正及び配当予想の修正(増配)に関するお知らせ
  スコア: +70 (BUY)  キーワード: 増配
  https://irbank.net/7389/140120260319585119
2026-04-05T13:00:56.308347	[TDnet] 9308 乾汽船
  特別損失(減損損失)の計上並びに2026年3月期連結業績予想及び配当予想の修正に関するお知らせ
  スコア: -50 (SELL)  キーワード: 特別損失
  https://irbank.net/9308/140120260324587689
2026-04-05T13:00:56.742848	[TDnet] 8609 岡三証券グループ
  株主還元方針の強化に伴う特別配当および普通配当の増額を含む期末配当予定(2026年3月期)に関するお知らせ
  スコア: +60 (BUY)  キーワード: 特別配当
  https://irbank.net/8609/140120260326590240
2026-04-05T13:00:57.161078	[TDnet] 3353 メディカル一光グループ
  剰余金の配当(増配)に関するお知らせ
  スコア: +70 (BUY)  キーワード: 増配
  https://irbank.net/3353/140120260325588136
2026-04-05T13:00:57.747386	[TDnet] 4763 クリーク・アンド・リバー社
  業績予想及び配当予想の修正(増配)に関するお知らせ
  スコア: +70 (BUY)  キーワード: 増配
  https://irbank.net/4763/140120260326589533
2026-04-05T13:00:58.342939	[TDnet] 3804 システムディ
  株式分割及び株式分割に伴う定款の一部変更ならびに配当予想の修正(増配)に関するお知らせ
  スコア: +70 (BUY)  キーワード: 増配
  https://irbank.net/3804/140120260325588265
2026-04-05T13:00:58.737359	[TDnet] 9698 クレオ
  業績予想の修正及び配当予想の修正(増配)に関するお知らせ
  スコア: +70 (BUY)  キーワード: 増配
  https://irbank.net/9698/140120260325588657
2026-04-05T13:00:59.349831	[TDnet] 9880 イノテック
  業績予想および配当予想の修正(特別配当)に関するお知らせ
  スコア: +60 (BUY)  キーワード: 特別配当
  https://irbank.net/9880/140120260325588753
2026-04-05T13:00:59.773241	[TDnet] 6467 ニチダイ
  固定資産の減損損失及び通期連結業績予想値の修正、並びに配当予想の修正(減配)に関するお知らせ
  スコア: -60 (SELL)  キーワード: 減配
  https://irbank.net/6467/140120260325588199
2026-04-05T13:01:00.536813	[TDnet] 6197 ソラスト
  2026年3月期配当予想の修正(無配)に関するお知らせ
  スコア: -70 (SELL)  キーワード: 無配
  https://irbank.net/6197/140120260318584166
2026-04-05T13:01:00.977815	[TDnet] 4650 SDエンターテイメント
  剰余金の配当(無配)に関するお知らせ
  スコア: -70 (SELL)  キーワード: 無配
  https://irbank.net/4650/140120260324587536
2026-04-05T13:01:01.425103	[TDnet] 4990 昭和化学工業
  期末配当予想の修正(増配)に関するお知らせ
  スコア: +70 (BUY)  キーワード: 増配
  https://irbank.net/4990/140120260319584971
2026-04-05T13:01:03.935463	[TDnet] 3241 ウィル
  業績修正及び配当予想の修正(増配)に関するお知らせ
  スコア: +70 (BUY)  キーワード: 増配
  https://irbank.net/3241/140120260206551053
2026-04-05T13:01:04.490124	[TDnet] 3913 GreenBee
  和解金の支払いに伴う特別損失の計上、業績修正に関するお知らせ
  スコア: -50 (SELL)  キーワード: 特別損失
  https://irbank.net/3913/140120230908552516
2026-04-05T13:01:04.914446	[TDnet] 9873 日本KFC HD
  平成28年3月期通期の業績修正及び特別損失計上に関するお知らせ
  スコア: -50 (SELL)  キーワード: 特別損失
  https://irbank.net/9873/140120160420462755
2026-04-05T13:01:05.312356	[TDnet] 6772 東京コスモス電機
  特別損失の計上及び平成28年3月期通期連結業績修正に関するお知らせ
  スコア: -50 (SELL)  キーワード: 特別損失
  https://irbank.net/6772/140120160208408343
2026-04-05T13:35:41.074638	🔴 **[NEWS] Trump tariff fallout: Some industries grapple with lingering effects one year later**
  スコア: -30 (弱気)  キーワード: tariff
  示唆: 関税によるコスト増・貿易減の懸念。マクロ環境も弱気で売り圧力が強まりやすい
  出典: CNBC Finance  https://www.cnbc.com/2026/04/03/trump-tariffs-trade-war-impact.html
2026-04-05T13:35:41.480200	🟢 **[NEWS] Chinese chip firms hit record high revenue driven by the AI boom and U.S. curbs**
  スコア: +60 (強気)  キーワード: record high
  示唆: 市場の強気継続を示す。ただし高値警戒も。ただしマクロ環境は弱気(SELL)、注意が必要
  出典: CNBC Finance  https://www.cnbc.com/2026/04/03/chinese-chip-firms-record-revenue-ai-boom-us-curbs.html
2026-04-05T15:05:41.507949	=== 日米リードラグ シグナル 2026-04-03(金) ===

■ 本日の推奨ポジション
【ロング（寄付き買い→引け売り）】
  1631.T 銀行         +0.9000
  1625.T 電気・精密      +0.8500
  1633.T 不動産        +0.4750
  1618.T エネルギー資源    +0.4500
  1620.T 素材・化学      +0.4250
  1624.T 機械         +0.3750

【ショート（様子見）】
  1626.T 情報通信・サービス  -0.3250
  1622.T 自動車・輸送機    -0.4750
  1621.T 医薬品        -0.5250
  1617.T 食品         -0.6500
  1627.T 電力・ガス      -0.6750
  1630.T 小売         -0.8000

■ 米国市場（前日）
  Real Estate +1.6% / Consumer Discr. -1.5% / Technology +0.8% / Health Care -0.6% / Consumer Staples +0.5%
  ファクター: グローバル: -0.021 / 国スプレッド: -0.359 / シクリカル: +0.198

■ 実績
  前日: +1.50% / 月次: +1.52% / 年初来: -3.75%
========================================
2026-04-07T11:40:29.636932	=== 日米リードラグ シグナル 2026-04-07(火) ===

■ 確信度: 中 (1.20) — ポジション控えめ推奨

■ 本日の推奨ポジション
【ロング（寄付き買い→引け売り）】
  1625.T 電気・精密      +0.9250
  1631.T 銀行         +0.8500
  1629.T 商社・卸売      +0.6000
  1618.T エネルギー資源    +0.4250
  1633.T 不動産        +0.4000
  1620.T 素材・化学      +0.3750

【ショート（様子見）】
  1626.T 情報通信・サービス  -0.3500
  1628.T 運輸・物流      -0.4250
  1617.T 食品         -0.5750
  1621.T 医薬品        -0.6000
  1630.T 小売         -0.7500
  1627.T 電力・ガス      -0.9000

■ 米国市場（前日）
  Consumer Staples +0.9% / Consumer Discr. +0.8% / Energy +0.7% / Financials +0.7% / Technology +0.6%
  ファクター: グローバル: -0.063 / 国スプレッド: -0.894 / シクリカル: +0.062

■ 実績
  前日: -0.88% / 月次: +0.70% / 年初来: -4.53%
========================================

■ BTC（前日）
  現在値: $68,658 (-0.9%)
  24h高値: $70,243 / 安値: $68,382

■ マクロシグナル
  判定: 弱気 (SELL)  スコア: -39
  fear_greed: 11 (Extreme Fear) (-78)
  vix: 24.2 (+0)

■ 注目ニュース
  [+50] Americans are increasingly saying they won’t pay their taxes this year as a political protest. Here’s what could happen to them. (MarketWatch)
    https://www.marketwatch.com/story/americans-are-increasingly-saying-they-wont-pay-their-taxes-this-year-as-a-political-protest-heres-what-could-happen-to-them-c0a3563c?mod=mw_rss_topstories

■ 適時開示
  [+80] 391A 山忠 上方修正
    https://irbank.net/391A/140120260406598798
  [-70] 3271 THEグローバル社 無配
    https://irbank.net/3271/140120260406599017
  [-70] 8289 Olympicグループ 無配
    https://irbank.net/8289/140120260405598497
  [+70] 6469 放電精密加工研究所 増配
    https://irbank.net/6469/140120260331595052
  [+70] 4394 エクスモーション 増配
    https://irbank.net/4394/140120260402597580
2026-04-07T12:24:12.051103	🟢 **[TDnet] 7463 アドヴァン**
  剰余金の配当(特別配当)に関するお知らせ
  スコア: +60 (BUY)  キーワード: 特別配当
  示唆: 予想外の還元策。サプライズ買いが入りやすい。ただしマクロ環境は弱気(SELL)、注意が必要
  https://irbank.net/7463/140120260406599083
2026-04-07T12:24:12.455262	🔴 **[TDnet] 3271 THEグローバル社**
  2026年6月期期末配当予想の修正(無配)に関するお知らせ
  スコア: -70 (SELL)  キーワード: 無配
  示唆: 配当消滅。高配当目的の投資家から売られやすい。マクロ環境も弱気で売り圧力が強まりやすい
  https://irbank.net/3271/140120260406599017
2026-04-07T12:24:12.868832	🟢 **[TDnet] 391A 山忠**
  業績予想の上方修正及び配当予想の修正(上場記念配当)に関するお知らせ
  スコア: +80 (BUY)  キーワード: 上方修正
  示唆: 業績上振れで短期株価上昇が期待される。ただしマクロ環境は弱気(SELL)、注意が必要
  https://irbank.net/391A/140120260406598798
2026-04-07T12:24:13.252301	🔴 **[TDnet] 8289 Olympicグループ**
  2026年2月期の期末配当予想の修正(無配)に関するお知らせ
  スコア: -70 (SELL)  キーワード: 無配
  示唆: 配当消滅。高配当目的の投資家から売られやすい。マクロ環境も弱気で売り圧力が強まりやすい
  https://irbank.net/8289/140120260405598497
2026-04-07T12:24:13.712785	🟢 **[TDnet] 6469 放電精密加工研究所**
  2026年2月期通期連結業績予想の修正及び期末配当予想の修正(増配)に関するお知らせ
  スコア: +70 (BUY)  キーワード: 増配
  示唆: 株主還元強化。配当利回り目的の買いが入りやすい。ただしマクロ環境は弱気(SELL)、注意が必要
  https://irbank.net/6469/140120260331595052
2026-04-07T12:24:14.180706	🟢 **[TDnet] 4394 エクスモーション**
  株式分割及び株式分割に伴う定款の一部変更並びに中間配当の実施及び配当予想の修正(増配)に関するお知らせ
  スコア: +70 (BUY)  キーワード: 増配
  示唆: 株主還元強化。配当利回り目的の買いが入りやすい。ただしマクロ環境は弱気(SELL)、注意が必要
  https://irbank.net/4394/140120260402597580
2026-04-07T12:24:14.569221	🔴 **[TDnet] 3294 イーグランド**
  2026年3月期配当予想の修正(無配)に関するお知らせ
  スコア: -70 (SELL)  キーワード: 無配
  示唆: 配当消滅。高配当目的の投資家から売られやすい。マクロ環境も弱気で売り圧力が強まりやすい
  https://irbank.net/3294/140120260327590992
2026-04-07T12:24:15.135567	🟢 **[TDnet] 9651 日本プロセス**
  期末配当予想の修正(増配)に関するお知らせ
  スコア: +70 (BUY)  キーワード: 増配
  示唆: 株主還元強化。配当利回り目的の買いが入りやすい。ただしマクロ環境は弱気(SELL)、注意が必要
  https://irbank.net/9651/140120260331593759
2026-04-07T12:24:15.550897	🟢 **[TDnet] 7189 西日本フィナンシャル HD**
  通期業績予想の修正および期末配当予想の修正(増配)に関するお知らせ
  スコア: +70 (BUY)  キーワード: 増配
  示唆: 株主還元強化。配当利回り目的の買いが入りやすい。ただしマクロ環境は弱気(SELL)、注意が必要
  https://irbank.net/7189/140120260331594376
2026-04-07T12:24:16.045851	🟢 **[TDnet] 8803 平和不動産**
  通期業績予想の修正及び配当予想の修正(増配)に関するお知らせ
  スコア: +70 (BUY)  キーワード: 増配
  示唆: 株主還元強化。配当利回り目的の買いが入りやすい。ただしマクロ環境は弱気(SELL)、注意が必要
  https://irbank.net/8803/140120260330593361
2026-04-07T12:24:16.455224	🟢 **[TDnet] 8377 ほくほく FG**
  業績予想および配当予想の修正(増配)に関するお知らせ
  スコア: +70 (BUY)  キーワード: 増配
  示唆: 株主還元強化。配当利回り目的の買いが入りやすい。ただしマクロ環境は弱気(SELL)、注意が必要
  https://irbank.net/8377/140120260326590506
2026-04-07T12:24:16.874624	🟢 **[TDnet] 8387 四国銀行**
  業績予想及び配当予想の修正(増配)に関するお知らせ
  スコア: +70 (BUY)  キーワード: 増配
  示唆: 株主還元強化。配当利回り目的の買いが入りやすい。ただしマクロ環境は弱気(SELL)、注意が必要
  https://irbank.net/8387/140120260326590511
2026-04-07T12:24:17.318325	🟢 **[TDnet] 6463 TPR**
  業績予想の修正および配当予想の修正(増配)に関するお知らせ
  スコア: +70 (BUY)  キーワード: 増配
  示唆: 株主還元強化。配当利回り目的の買いが入りやすい。ただしマクロ環境は弱気(SELL)、注意が必要
  https://irbank.net/6463/140120260327590736
2026-04-07T12:24:18.506076	🔴 **[TDnet] 9308 乾汽船**
  (訂正・数値データ訂正)「特別損失(減損損失)の計上並びに2026年3月期連結業績予想及び配当予想の修正に関するお知らせ」の一部訂正について
  スコア: -50 (SELL)  キーワード: 特別損失
  示唆: 一時的な損失計上。規模次第で株価への影響が変わる。マクロ環境も弱気で売り圧力が強まりやすい
  https://irbank.net/9308/140120260326590584
2026-04-07T12:24:18.911568	🟢 **[TDnet] 7389 あいち FG**
  業績予想の修正及び配当予想の修正(増配)に関するお知らせ
  スコア: +70 (BUY)  キーワード: 増配
  示唆: 株主還元強化。配当利回り目的の買いが入りやすい。ただしマクロ環境は弱気(SELL)、注意が必要
  https://irbank.net/7389/140120260319585119
2026-04-07T12:24:19.311573	🔴 **[TDnet] 9308 乾汽船**
  特別損失(減損損失)の計上並びに2026年3月期連結業績予想及び配当予想の修正に関するお知らせ
  スコア: -50 (SELL)  キーワード: 特別損失
  示唆: 一時的な損失計上。規模次第で株価への影響が変わる。マクロ環境も弱気で売り圧力が強まりやすい
  https://irbank.net/9308/140120260324587689
2026-04-07T12:24:20.007284	🟢 **[TDnet] 8609 岡三証券グループ**
  株主還元方針の強化に伴う特別配当および普通配当の増額を含む期末配当予定(2026年3月期)に関するお知らせ
  スコア: +60 (BUY)  キーワード: 特別配当
  示唆: 予想外の還元策。サプライズ買いが入りやすい。ただしマクロ環境は弱気(SELL)、注意が必要
  https://irbank.net/8609/140120260326590240
2026-04-07T12:24:20.538650	🟢 **[TDnet] 3353 メディカル一光グループ**
  剰余金の配当(増配)に関するお知らせ
  スコア: +70 (BUY)  キーワード: 増配
  示唆: 株主還元強化。配当利回り目的の買いが入りやすい。ただしマクロ環境は弱気(SELL)、注意が必要
  https://irbank.net/3353/140120260325588136
2026-04-07T12:24:21.017735	🟢 **[TDnet] 4763 クリーク・アンド・リバー社**
  業績予想及び配当予想の修正(増配)に関するお知らせ
  スコア: +70 (BUY)  キーワード: 増配
  示唆: 株主還元強化。配当利回り目的の買いが入りやすい。ただしマクロ環境は弱気(SELL)、注意が必要
  https://irbank.net/4763/140120260326589533
2026-04-07T12:24:21.456690	🟢 **[TDnet] 3804 システムディ**
  株式分割及び株式分割に伴う定款の一部変更ならびに配当予想の修正(増配)に関するお知らせ
  スコア: +70 (BUY)  キーワード: 増配
  示唆: 株主還元強化。配当利回り目的の買いが入りやすい。ただしマクロ環境は弱気(SELL)、注意が必要
  https://irbank.net/3804/140120260325588265
2026-04-07T12:24:21.977830	🟢 **[TDnet] 9698 クレオ**
  業績予想の修正及び配当予想の修正(増配)に関するお知らせ
  スコア: +70 (BUY)  キーワード: 増配
  示唆: 株主還元強化。配当利回り目的の買いが入りやすい。ただしマクロ環境は弱気(SELL)、注意が必要
  https://irbank.net/9698/140120260325588657
2026-04-07T12:24:22.389375	🟢 **[TDnet] 9880 イノテック**
  業績予想および配当予想の修正(特別配当)に関するお知らせ
  スコア: +60 (BUY)  キーワード: 特別配当
  示唆: 予想外の還元策。サプライズ買いが入りやすい。ただしマクロ環境は弱気(SELL)、注意が必要
  https://irbank.net/9880/140120260325588753
2026-04-07T12:24:22.893443	🔴 **[TDnet] 6467 ニチダイ**
  固定資産の減損損失及び通期連結業績予想値の修正、並びに配当予想の修正(減配)に関するお知らせ
  スコア: -60 (SELL)  キーワード: 減配
  示唆: 株主還元後退。配当目的の投資家が売りに転じる可能性。マクロ環境も弱気で売り圧力が強まりやすい
  https://irbank.net/6467/140120260325588199
2026-04-07T12:24:23.334307	🔴 **[TDnet] 6197 ソラスト**
  2026年3月期配当予想の修正(無配)に関するお知らせ
  スコア: -70 (SELL)  キーワード: 無配
  示唆: 配当消滅。高配当目的の投資家から売られやすい。マクロ環境も弱気で売り圧力が強まりやすい
  https://irbank.net/6197/140120260318584166
2026-04-07T12:24:23.800688	🔴 **[TDnet] 4650 SDエンターテイメント**
  剰余金の配当(無配)に関するお知らせ
  スコア: -70 (SELL)  キーワード: 無配
  示唆: 配当消滅。高配当目的の投資家から売られやすい。マクロ環境も弱気で売り圧力が強まりやすい
  https://irbank.net/4650/140120260324587536
2026-04-07T12:24:24.207862	🟢 **[TDnet] 3241 ウィル**
  業績修正及び配当予想の修正(増配)に関するお知らせ
  スコア: +70 (BUY)  キーワード: 増配
  示唆: 株主還元強化。配当利回り目的の買いが入りやすい。ただしマクロ環境は弱気(SELL)、注意が必要
  https://irbank.net/3241/140120260206551053
2026-04-07T12:24:24.701603	🔴 **[TDnet] 3913 GreenBee**
  和解金の支払いに伴う特別損失の計上、業績修正に関するお知らせ
  スコア: -50 (SELL)  キーワード: 特別損失
  示唆: 一時的な損失計上。規模次第で株価への影響が変わる。マクロ環境も弱気で売り圧力が強まりやすい
  https://irbank.net/3913/140120230908552516
2026-04-07T12:24:25.148258	🔴 **[TDnet] 9873 日本KFC HD**
  平成28年3月期通期の業績修正及び特別損失計上に関するお知らせ
  スコア: -50 (SELL)  キーワード: 特別損失
  示唆: 一時的な損失計上。規模次第で株価への影響が変わる。マクロ環境も弱気で売り圧力が強まりやすい
  https://irbank.net/9873/140120160420462755
2026-04-07T12:24:25.560998	🔴 **[TDnet] 6772 東京コスモス電機**
  特別損失の計上及び平成28年3月期通期連結業績修正に関するお知らせ
  スコア: -50 (SELL)  キーワード: 特別損失
  示唆: 一時的な損失計上。規模次第で株価への影響が変わる。マクロ環境も弱気で売り圧力が強まりやすい
  https://irbank.net/6772/140120160208408343
2026-04-07T12:27:32.028597	🟢 **[TDnet] 7463 アドヴァン**
  剰余金の配当(特別配当)に関するお知らせ
  スコア: +60 (BUY)  キーワード: 特別配当
  示唆: 予想外の還元策。サプライズ買いが入りやすい。ただしマクロ環境は弱気(SELL)、注意が必要
  https://irbank.net/7463/140120260406599083
2026-04-07T12:27:32.466146	🔴 **[TDnet] 3271 THEグローバル社**
  2026年6月期期末配当予想の修正(無配)に関するお知らせ
  スコア: -70 (SELL)  キーワード: 無配
  示唆: 配当消滅。高配当目的の投資家から売られやすい。マクロ環境も弱気で売り圧力が強まりやすい
  https://irbank.net/3271/140120260406599017
2026-04-07T12:27:32.904914	🟢 **[TDnet] 391A 山忠**
  業績予想の上方修正及び配当予想の修正(上場記念配当)に関するお知らせ
  スコア: +80 (BUY)  キーワード: 上方修正
  示唆: 業績上振れで短期株価上昇が期待される。ただしマクロ環境は弱気(SELL)、注意が必要
  https://irbank.net/391A/140120260406598798
2026-04-07T12:27:33.332643	🔴 **[TDnet] 8289 Olympicグループ**
  2026年2月期の期末配当予想の修正(無配)に関するお知らせ
  スコア: -70 (SELL)  キーワード: 無配
  示唆: 配当消滅。高配当目的の投資家から売られやすい。マクロ環境も弱気で売り圧力が強まりやすい
  https://irbank.net/8289/140120260405598497
2026-04-07T12:27:33.759494	🟢 **[TDnet] 6469 放電精密加工研究所**
  2026年2月期通期連結業績予想の修正及び期末配当予想の修正(増配)に関するお知らせ
  スコア: +70 (BUY)  キーワード: 増配
  示唆: 株主還元強化。配当利回り目的の買いが入りやすい。ただしマクロ環境は弱気(SELL)、注意が必要
  https://irbank.net/6469/140120260331595052
2026-04-07T12:27:34.270843	🟢 **[TDnet] 4394 エクスモーション**
  株式分割及び株式分割に伴う定款の一部変更並びに中間配当の実施及び配当予想の修正(増配)に関するお知らせ
  スコア: +70 (BUY)  キーワード: 増配
  示唆: 株主還元強化。配当利回り目的の買いが入りやすい。ただしマクロ環境は弱気(SELL)、注意が必要
  https://irbank.net/4394/140120260402597580
2026-04-07T12:27:34.833935	🔴 **[TDnet] 3294 イーグランド**
  2026年3月期配当予想の修正(無配)に関するお知らせ
  スコア: -70 (SELL)  キーワード: 無配
  示唆: 配当消滅。高配当目的の投資家から売られやすい。マクロ環境も弱気で売り圧力が強まりやすい
  https://irbank.net/3294/140120260327590992
2026-04-07T12:27:35.293364	🟢 **[TDnet] 9651 日本プロセス**
  期末配当予想の修正(増配)に関するお知らせ
  スコア: +70 (BUY)  キーワード: 増配
  示唆: 株主還元強化。配当利回り目的の買いが入りやすい。ただしマクロ環境は弱気(SELL)、注意が必要
  https://irbank.net/9651/140120260331593759
2026-04-07T12:27:35.748055	🟢 **[TDnet] 7189 西日本フィナンシャル HD**
  通期業績予想の修正および期末配当予想の修正(増配)に関するお知らせ
  スコア: +70 (BUY)  キーワード: 増配
  示唆: 株主還元強化。配当利回り目的の買いが入りやすい。ただしマクロ環境は弱気(SELL)、注意が必要
  https://irbank.net/7189/140120260331594376
2026-04-07T12:27:36.372258	🟢 **[TDnet] 8803 平和不動産**
  通期業績予想の修正及び配当予想の修正(増配)に関するお知らせ
  スコア: +70 (BUY)  キーワード: 増配
  示唆: 株主還元強化。配当利回り目的の買いが入りやすい。ただしマクロ環境は弱気(SELL)、注意が必要
  https://irbank.net/8803/140120260330593361
2026-04-07T12:27:36.781367	🟢 **[TDnet] 8377 ほくほく FG**
  業績予想および配当予想の修正(増配)に関するお知らせ
  スコア: +70 (BUY)  キーワード: 増配
  示唆: 株主還元強化。配当利回り目的の買いが入りやすい。ただしマクロ環境は弱気(SELL)、注意が必要
  https://irbank.net/8377/140120260326590506
2026-04-07T12:27:37.288964	🟢 **[TDnet] 8387 四国銀行**
  業績予想及び配当予想の修正(増配)に関するお知らせ
  スコア: +70 (BUY)  キーワード: 増配
  示唆: 株主還元強化。配当利回り目的の買いが入りやすい。ただしマクロ環境は弱気(SELL)、注意が必要
  https://irbank.net/8387/140120260326590511
2026-04-07T12:27:37.692545	🟢 **[TDnet] 6463 TPR**
  業績予想の修正および配当予想の修正(増配)に関するお知らせ
  スコア: +70 (BUY)  キーワード: 増配
  示唆: 株主還元強化。配当利回り目的の買いが入りやすい。ただしマクロ環境は弱気(SELL)、注意が必要
  https://irbank.net/6463/140120260327590736
2026-04-07T12:27:38.168471	🔴 **[TDnet] 9308 乾汽船**
  (訂正・数値データ訂正)「特別損失(減損損失)の計上並びに2026年3月期連結業績予想及び配当予想の修正に関するお知らせ」の一部訂正について
  スコア: -50 (SELL)  キーワード: 特別損失
  示唆: 一時的な損失計上。規模次第で株価への影響が変わる。マクロ環境も弱気で売り圧力が強まりやすい
  https://irbank.net/9308/140120260326590584
2026-04-07T12:27:38.784829	🟢 **[TDnet] 7389 あいち FG**
  業績予想の修正及び配当予想の修正(増配)に関するお知らせ
  スコア: +70 (BUY)  キーワード: 増配
  示唆: 株主還元強化。配当利回り目的の買いが入りやすい。ただしマクロ環境は弱気(SELL)、注意が必要
  https://irbank.net/7389/140120260319585119
2026-04-07T12:27:39.311709	🔴 **[TDnet] 9308 乾汽船**
  特別損失(減損損失)の計上並びに2026年3月期連結業績予想及び配当予想の修正に関するお知らせ
  スコア: -50 (SELL)  キーワード: 特別損失
  示唆: 一時的な損失計上。規模次第で株価への影響が変わる。マクロ環境も弱気で売り圧力が強まりやすい
  https://irbank.net/9308/140120260324587689
2026-04-07T12:27:39.708936	🟢 **[TDnet] 8609 岡三証券グループ**
  株主還元方針の強化に伴う特別配当および普通配当の増額を含む期末配当予定(2026年3月期)に関するお知らせ
  スコア: +60 (BUY)  キーワード: 特別配当
  示唆: 予想外の還元策。サプライズ買いが入りやすい。ただしマクロ環境は弱気(SELL)、注意が必要
  https://irbank.net/8609/140120260326590240
2026-04-07T12:27:40.172792	🟢 **[TDnet] 3353 メディカル一光グループ**
  剰余金の配当(増配)に関するお知らせ
  スコア: +70 (BUY)  キーワード: 増配
  示唆: 株主還元強化。配当利回り目的の買いが入りやすい。ただしマクロ環境は弱気(SELL)、注意が必要
  https://irbank.net/3353/140120260325588136
2026-04-07T12:27:40.671606	🟢 **[TDnet] 4763 クリーク・アンド・リバー社**
  業績予想及び配当予想の修正(増配)に関するお知らせ
  スコア: +70 (BUY)  キーワード: 増配
  示唆: 株主還元強化。配当利回り目的の買いが入りやすい。ただしマクロ環境は弱気(SELL)、注意が必要
  https://irbank.net/4763/140120260326589533
2026-04-07T12:27:41.176863	🟢 **[TDnet] 3804 システムディ**
  株式分割及び株式分割に伴う定款の一部変更ならびに配当予想の修正(増配)に関するお知らせ
  スコア: +70 (BUY)  キーワード: 増配
  示唆: 株主還元強化。配当利回り目的の買いが入りやすい。ただしマクロ環境は弱気(SELL)、注意が必要
  https://irbank.net/3804/140120260325588265
2026-04-07T12:27:41.629314	🟢 **[TDnet] 9698 クレオ**
  業績予想の修正及び配当予想の修正(増配)に関するお知らせ
  スコア: +70 (BUY)  キーワード: 増配
  示唆: 株主還元強化。配当利回り目的の買いが入りやすい。ただしマクロ環境は弱気(SELL)、注意が必要
  https://irbank.net/9698/140120260325588657
2026-04-07T12:27:42.260937	🟢 **[TDnet] 9880 イノテック**
  業績予想および配当予想の修正(特別配当)に関するお知らせ
  スコア: +60 (BUY)  キーワード: 特別配当
  示唆: 予想外の還元策。サプライズ買いが入りやすい。ただしマクロ環境は弱気(SELL)、注意が必要
  https://irbank.net/9880/140120260325588753
2026-04-07T12:27:42.756485	🔴 **[TDnet] 6467 ニチダイ**
  固定資産の減損損失及び通期連結業績予想値の修正、並びに配当予想の修正(減配)に関するお知らせ
  スコア: -60 (SELL)  キーワード: 減配
  示唆: 株主還元後退。配当目的の投資家が売りに転じる可能性。マクロ環境も弱気で売り圧力が強まりやすい
  https://irbank.net/6467/140120260325588199
2026-04-07T12:27:43.147171	🔴 **[TDnet] 6197 ソラスト**
  2026年3月期配当予想の修正(無配)に関するお知らせ
  スコア: -70 (SELL)  キーワード: 無配
  示唆: 配当消滅。高配当目的の投資家から売られやすい。マクロ環境も弱気で売り圧力が強まりやすい
  https://irbank.net/6197/140120260318584166
2026-04-07T12:27:43.772949	🔴 **[TDnet] 4650 SDエンターテイメント**
  剰余金の配当(無配)に関するお知らせ
  スコア: -70 (SELL)  キーワード: 無配
  示唆: 配当消滅。高配当目的の投資家から売られやすい。マクロ環境も弱気で売り圧力が強まりやすい
  https://irbank.net/4650/140120260324587536
2026-04-07T12:27:44.220019	🟢 **[TDnet] 3241 ウィル**
  業績修正及び配当予想の修正(増配)に関するお知らせ
  スコア: +70 (BUY)  キーワード: 増配
  示唆: 株主還元強化。配当利回り目的の買いが入りやすい。ただしマクロ環境は弱気(SELL)、注意が必要
  https://irbank.net/3241/140120260206551053
2026-04-07T12:27:44.770641	🔴 **[TDnet] 3913 GreenBee**
  和解金の支払いに伴う特別損失の計上、業績修正に関するお知らせ
  スコア: -50 (SELL)  キーワード: 特別損失
  示唆: 一時的な損失計上。規模次第で株価への影響が変わる。マクロ環境も弱気で売り圧力が強まりやすい
  https://irbank.net/3913/140120230908552516
2026-04-07T12:27:45.281030	🔴 **[TDnet] 9873 日本KFC HD**
  平成28年3月期通期の業績修正及び特別損失計上に関するお知らせ
  スコア: -50 (SELL)  キーワード: 特別損失
  示唆: 一時的な損失計上。規模次第で株価への影響が変わる。マクロ環境も弱気で売り圧力が強まりやすい
  https://irbank.net/9873/140120160420462755
2026-04-07T12:27:45.792307	🔴 **[TDnet] 6772 東京コスモス電機**
  特別損失の計上及び平成28年3月期通期連結業績修正に関するお知らせ
  スコア: -50 (SELL)  キーワード: 特別損失
  示唆: 一時的な損失計上。規模次第で株価への影響が変わる。マクロ環境も弱気で売り圧力が強まりやすい
  https://irbank.net/6772/140120160208408343
2026-04-07T12:31:53.753989	🟢 **[TDnet] 7463 アドヴァン**
  剰余金の配当(特別配当)に関するお知らせ
  スコア: +60 (BUY)  キーワード: 特別配当
  示唆: 予想外の還元策。サプライズ買いが入りやすい。ただしマクロ環境は弱気(SELL)、注意が必要
  https://irbank.net/7463/140120260406599083
2026-04-07T12:31:54.236773	🔴 **[TDnet] 3271 THEグローバル社**
  2026年6月期期末配当予想の修正(無配)に関するお知らせ
  スコア: -70 (SELL)  キーワード: 無配
  示唆: 配当消滅。高配当目的の投資家から売られやすい。マクロ環境も弱気で売り圧力が強まりやすい
  https://irbank.net/3271/140120260406599017
2026-04-07T12:31:54.706811	🟢 **[TDnet] 391A 山忠**
  業績予想の上方修正及び配当予想の修正(上場記念配当)に関するお知らせ
  スコア: +80 (BUY)  キーワード: 上方修正
  示唆: 業績上振れで短期株価上昇が期待される。ただしマクロ環境は弱気(SELL)、注意が必要
  https://irbank.net/391A/140120260406598798
2026-04-07T12:31:55.112767	🔴 **[TDnet] 8289 Olympicグループ**
  2026年2月期の期末配当予想の修正(無配)に関するお知らせ
  スコア: -70 (SELL)  キーワード: 無配
  示唆: 配当消滅。高配当目的の投資家から売られやすい。マクロ環境も弱気で売り圧力が強まりやすい
  https://irbank.net/8289/140120260405598497
2026-04-07T12:31:55.831194	🟢 **[TDnet] 6469 放電精密加工研究所**
  2026年2月期通期連結業績予想の修正及び期末配当予想の修正(増配)に関するお知らせ
  スコア: +70 (BUY)  キーワード: 増配
  示唆: 株主還元強化。配当利回り目的の買いが入りやすい。ただしマクロ環境は弱気(SELL)、注意が必要
  https://irbank.net/6469/140120260331595052
2026-04-07T12:31:56.264008	🟢 **[TDnet] 4394 エクスモーション**
  株式分割及び株式分割に伴う定款の一部変更並びに中間配当の実施及び配当予想の修正(増配)に関するお知らせ
  スコア: +70 (BUY)  キーワード: 増配
  示唆: 株主還元強化。配当利回り目的の買いが入りやすい。ただしマクロ環境は弱気(SELL)、注意が必要
  https://irbank.net/4394/140120260402597580
2026-04-07T12:31:56.909954	🔴 **[TDnet] 3294 イーグランド**
  2026年3月期配当予想の修正(無配)に関するお知らせ
  スコア: -70 (SELL)  キーワード: 無配
  示唆: 配当消滅。高配当目的の投資家から売られやすい。マクロ環境も弱気で売り圧力が強まりやすい
  https://irbank.net/3294/140120260327590992
2026-04-07T12:31:57.564182	🟢 **[TDnet] 9651 日本プロセス**
  期末配当予想の修正(増配)に関するお知らせ
  スコア: +70 (BUY)  キーワード: 増配
  示唆: 株主還元強化。配当利回り目的の買いが入りやすい。ただしマクロ環境は弱気(SELL)、注意が必要
  https://irbank.net/9651/140120260331593759
2026-04-07T12:31:58.004730	🟢 **[TDnet] 7189 西日本フィナンシャル HD**
  通期業績予想の修正および期末配当予想の修正(増配)に関するお知らせ
  スコア: +70 (BUY)  キーワード: 増配
  示唆: 株主還元強化。配当利回り目的の買いが入りやすい。ただしマクロ環境は弱気(SELL)、注意が必要
  https://irbank.net/7189/140120260331594376
2026-04-07T12:31:58.478385	🟢 **[TDnet] 8803 平和不動産**
  通期業績予想の修正及び配当予想の修正(増配)に関するお知らせ
  スコア: +70 (BUY)  キーワード: 増配
  示唆: 株主還元強化。配当利回り目的の買いが入りやすい。ただしマクロ環境は弱気(SELL)、注意が必要
  https://irbank.net/8803/140120260330593361
2026-04-07T12:31:58.885291	🟢 **[TDnet] 8377 ほくほく FG**
  業績予想および配当予想の修正(増配)に関するお知らせ
  スコア: +70 (BUY)  キーワード: 増配
  示唆: 株主還元強化。配当利回り目的の買いが入りやすい。ただしマクロ環境は弱気(SELL)、注意が必要
  https://irbank.net/8377/140120260326590506
2026-04-07T12:31:59.404990	🟢 **[TDnet] 8387 四国銀行**
  業績予想及び配当予想の修正(増配)に関するお知らせ
  スコア: +70 (BUY)  キーワード: 増配
  示唆: 株主還元強化。配当利回り目的の買いが入りやすい。ただしマクロ環境は弱気(SELL)、注意が必要
  https://irbank.net/8387/140120260326590511
2026-04-07T12:31:59.839416	🟢 **[TDnet] 6463 TPR**
  業績予想の修正および配当予想の修正(増配)に関するお知らせ
  スコア: +70 (BUY)  キーワード: 増配
  示唆: 株主還元強化。配当利回り目的の買いが入りやすい。ただしマクロ環境は弱気(SELL)、注意が必要
  https://irbank.net/6463/140120260327590736
2026-04-07T12:32:00.343318	🔴 **[TDnet] 9308 乾汽船**
  (訂正・数値データ訂正)「特別損失(減損損失)の計上並びに2026年3月期連結業績予想及び配当予想の修正に関するお知らせ」の一部訂正について
  スコア: -50 (SELL)  キーワード: 特別損失
  示唆: 一時的な損失計上。規模次第で株価への影響が変わる。マクロ環境も弱気で売り圧力が強まりやすい
  https://irbank.net/9308/140120260326590584
2026-04-07T12:32:00.867074	🟢 **[TDnet] 7389 あいち FG**
  業績予想の修正及び配当予想の修正(増配)に関するお知らせ
  スコア: +70 (BUY)  キーワード: 増配
  示唆: 株主還元強化。配当利回り目的の買いが入りやすい。ただしマクロ環境は弱気(SELL)、注意が必要
  https://irbank.net/7389/140120260319585119
2026-04-07T12:32:01.312051	🔴 **[TDnet] 9308 乾汽船**
  特別損失(減損損失)の計上並びに2026年3月期連結業績予想及び配当予想の修正に関するお知らせ
  スコア: -50 (SELL)  キーワード: 特別損失
  示唆: 一時的な損失計上。規模次第で株価への影響が変わる。マクロ環境も弱気で売り圧力が強まりやすい
  https://irbank.net/9308/140120260324587689
2026-04-07T12:32:01.825224	🟢 **[TDnet] 8609 岡三証券グループ**
  株主還元方針の強化に伴う特別配当および普通配当の増額を含む期末配当予定(2026年3月期)に関するお知らせ
  スコア: +60 (BUY)  キーワード: 特別配当
  示唆: 予想外の還元策。サプライズ買いが入りやすい。ただしマクロ環境は弱気(SELL)、注意が必要
  https://irbank.net/8609/140120260326590240
2026-04-07T12:32:02.293677	🟢 **[TDnet] 3353 メディカル一光グループ**
  剰余金の配当(増配)に関するお知らせ
  スコア: +70 (BUY)  キーワード: 増配
  示唆: 株主還元強化。配当利回り目的の買いが入りやすい。ただしマクロ環境は弱気(SELL)、注意が必要
  https://irbank.net/3353/140120260325588136
2026-04-07T12:32:02.866008	🟢 **[TDnet] 4763 クリーク・アンド・リバー社**
  業績予想及び配当予想の修正(増配)に関するお知らせ
  スコア: +70 (BUY)  キーワード: 増配
  示唆: 株主還元強化。配当利回り目的の買いが入りやすい。ただしマクロ環境は弱気(SELL)、注意が必要
  https://irbank.net/4763/140120260326589533
2026-04-07T12:32:03.371012	🟢 **[TDnet] 3804 システムディ**
  株式分割及び株式分割に伴う定款の一部変更ならびに配当予想の修正(増配)に関するお知らせ
  スコア: +70 (BUY)  キーワード: 増配
  示唆: 株主還元強化。配当利回り目的の買いが入りやすい。ただしマクロ環境は弱気(SELL)、注意が必要
  https://irbank.net/3804/140120260325588265
2026-04-07T12:32:03.926514	🟢 **[TDnet] 9698 クレオ**
  業績予想の修正及び配当予想の修正(増配)に関するお知らせ
  スコア: +70 (BUY)  キーワード: 増配
  示唆: 株主還元強化。配当利回り目的の買いが入りやすい。ただしマクロ環境は弱気(SELL)、注意が必要
  https://irbank.net/9698/140120260325588657
2026-04-07T12:32:04.370739	🟢 **[TDnet] 9880 イノテック**
  業績予想および配当予想の修正(特別配当)に関するお知らせ
  スコア: +60 (BUY)  キーワード: 特別配当
  示唆: 予想外の還元策。サプライズ買いが入りやすい。ただしマクロ環境は弱気(SELL)、注意が必要
  https://irbank.net/9880/140120260325588753
2026-04-07T12:32:04.825690	🔴 **[TDnet] 6467 ニチダイ**
  固定資産の減損損失及び通期連結業績予想値の修正、並びに配当予想の修正(減配)に関するお知らせ
  スコア: -60 (SELL)  キーワード: 減配
  示唆: 株主還元後退。配当目的の投資家が売りに転じる可能性。マクロ環境も弱気で売り圧力が強まりやすい
  https://irbank.net/6467/140120260325588199
2026-04-07T12:32:05.258105	🔴 **[TDnet] 6197 ソラスト**
  2026年3月期配当予想の修正(無配)に関するお知らせ
  スコア: -70 (SELL)  キーワード: 無配
  示唆: 配当消滅。高配当目的の投資家から売られやすい。マクロ環境も弱気で売り圧力が強まりやすい
  https://irbank.net/6197/140120260318584166
2026-04-07T12:32:05.734004	🔴 **[TDnet] 4650 SDエンターテイメント**
  剰余金の配当(無配)に関するお知らせ
  スコア: -70 (SELL)  キーワード: 無配
  示唆: 配当消滅。高配当目的の投資家から売られやすい。マクロ環境も弱気で売り圧力が強まりやすい
  https://irbank.net/4650/140120260324587536
2026-04-07T12:32:06.173061	🟢 **[TDnet] 3241 ウィル**
  業績修正及び配当予想の修正(増配)に関するお知らせ
  スコア: +70 (BUY)  キーワード: 増配
  示唆: 株主還元強化。配当利回り目的の買いが入りやすい。ただしマクロ環境は弱気(SELL)、注意が必要
  https://irbank.net/3241/140120260206551053
2026-04-07T12:32:06.583729	🔴 **[TDnet] 3913 GreenBee**
  和解金の支払いに伴う特別損失の計上、業績修正に関するお知らせ
  スコア: -50 (SELL)  キーワード: 特別損失
  示唆: 一時的な損失計上。規模次第で株価への影響が変わる。マクロ環境も弱気で売り圧力が強まりやすい
  https://irbank.net/3913/140120230908552516
2026-04-07T12:32:07.126969	🔴 **[TDnet] 9873 日本KFC HD**
  平成28年3月期通期の業績修正及び特別損失計上に関するお知らせ
  スコア: -50 (SELL)  キーワード: 特別損失
  示唆: 一時的な損失計上。規模次第で株価への影響が変わる。マクロ環境も弱気で売り圧力が強まりやすい
  https://irbank.net/9873/140120160420462755
2026-04-07T12:32:07.612937	🔴 **[TDnet] 6772 東京コスモス電機**
  特別損失の計上及び平成28年3月期通期連結業績修正に関するお知らせ
  スコア: -50 (SELL)  キーワード: 特別損失
  示唆: 一時的な損失計上。規模次第で株価への影響が変わる。マクロ環境も弱気で売り圧力が強まりやすい
  https://irbank.net/6772/140120160208408343
2026-04-07T12:33:12.399687	🟢 **[TDnet] 7463 アドヴァン**
  剰余金の配当(特別配当)に関するお知らせ
  スコア: +60 (BUY)  キーワード: 特別配当
  示唆: 予想外の還元策。サプライズ買いが入りやすい。ただしマクロ環境は弱気(SELL)、注意が必要
  https://irbank.net/7463/140120260406599083
2026-04-07T12:33:12.855482	🔴 **[TDnet] 3271 THEグローバル社**
  2026年6月期期末配当予想の修正(無配)に関するお知らせ
  スコア: -70 (SELL)  キーワード: 無配
  示唆: 配当消滅。高配当目的の投資家から売られやすい。マクロ環境も弱気で売り圧力が強まりやすい
  https://irbank.net/3271/140120260406599017
2026-04-07T12:33:13.260023	🟢 **[TDnet] 391A 山忠**
  業績予想の上方修正及び配当予想の修正(上場記念配当)に関するお知らせ
  スコア: +80 (BUY)  キーワード: 上方修正
  示唆: 業績上振れで短期株価上昇が期待される。ただしマクロ環境は弱気(SELL)、注意が必要
  https://irbank.net/391A/140120260406598798
2026-04-07T12:33:13.761528	🔴 **[TDnet] 8289 Olympicグループ**
  2026年2月期の期末配当予想の修正(無配)に関するお知らせ
  スコア: -70 (SELL)  キーワード: 無配
  示唆: 配当消滅。高配当目的の投資家から売られやすい。マクロ環境も弱気で売り圧力が強まりやすい
  https://irbank.net/8289/140120260405598497
2026-04-07T12:33:14.412555	🟢 **[TDnet] 6469 放電精密加工研究所**
  2026年2月期通期連結業績予想の修正及び期末配当予想の修正(増配)に関するお知らせ
  スコア: +70 (BUY)  キーワード: 増配
  示唆: 株主還元強化。配当利回り目的の買いが入りやすい。ただしマクロ環境は弱気(SELL)、注意が必要
  https://irbank.net/6469/140120260331595052
2026-04-07T12:33:14.870874	🟢 **[TDnet] 4394 エクスモーション**
  株式分割及び株式分割に伴う定款の一部変更並びに中間配当の実施及び配当予想の修正(増配)に関するお知らせ
  スコア: +70 (BUY)  キーワード: 増配
  示唆: 株主還元強化。配当利回り目的の買いが入りやすい。ただしマクロ環境は弱気(SELL)、注意が必要
  https://irbank.net/4394/140120260402597580
2026-04-07T12:33:15.262896	🔴 **[TDnet] 3294 イーグランド**
  2026年3月期配当予想の修正(無配)に関するお知らせ
  スコア: -70 (SELL)  キーワード: 無配
  示唆: 配当消滅。高配当目的の投資家から売られやすい。マクロ環境も弱気で売り圧力が強まりやすい
  https://irbank.net/3294/140120260327590992
2026-04-07T12:33:15.788427	🟢 **[TDnet] 9651 日本プロセス**
  期末配当予想の修正(増配)に関するお知らせ
  スコア: +70 (BUY)  キーワード: 増配
  示唆: 株主還元強化。配当利回り目的の買いが入りやすい。ただしマクロ環境は弱気(SELL)、注意が必要
  https://irbank.net/9651/140120260331593759
2026-04-07T12:33:16.199125	🟢 **[TDnet] 7189 西日本フィナンシャル HD**
  通期業績予想の修正および期末配当予想の修正(増配)に関するお知らせ
  スコア: +70 (BUY)  キーワード: 増配
  示唆: 株主還元強化。配当利回り目的の買いが入りやすい。ただしマクロ環境は弱気(SELL)、注意が必要
  https://irbank.net/7189/140120260331594376
2026-04-07T12:33:16.734764	🟢 **[TDnet] 8803 平和不動産**
  通期業績予想の修正及び配当予想の修正(増配)に関するお知らせ
  スコア: +70 (BUY)  キーワード: 増配
  示唆: 株主還元強化。配当利回り目的の買いが入りやすい。ただしマクロ環境は弱気(SELL)、注意が必要
  https://irbank.net/8803/140120260330593361
2026-04-07T12:33:17.374177	🟢 **[TDnet] 8377 ほくほく FG**
  業績予想および配当予想の修正(増配)に関するお知らせ
  スコア: +70 (BUY)  キーワード: 増配
  示唆: 株主還元強化。配当利回り目的の買いが入りやすい。ただしマクロ環境は弱気(SELL)、注意が必要
  https://irbank.net/8377/140120260326590506
2026-04-07T12:33:17.834805	🟢 **[TDnet] 8387 四国銀行**
  業績予想及び配当予想の修正(増配)に関するお知らせ
  スコア: +70 (BUY)  キーワード: 増配
  示唆: 株主還元強化。配当利回り目的の買いが入りやすい。ただしマクロ環境は弱気(SELL)、注意が必要
  https://irbank.net/8387/140120260326590511
2026-04-07T12:33:18.313881	🟢 **[TDnet] 6463 TPR**
  業績予想の修正および配当予想の修正(増配)に関するお知らせ
  スコア: +70 (BUY)  キーワード: 増配
  示唆: 株主還元強化。配当利回り目的の買いが入りやすい。ただしマクロ環境は弱気(SELL)、注意が必要
  https://irbank.net/6463/140120260327590736
2026-04-07T12:33:18.798007	🔴 **[TDnet] 9308 乾汽船**
  (訂正・数値データ訂正)「特別損失(減損損失)の計上並びに2026年3月期連結業績予想及び配当予想の修正に関するお知らせ」の一部訂正について
  スコア: -50 (SELL)  キーワード: 特別損失
  示唆: 一時的な損失計上。規模次第で株価への影響が変わる。マクロ環境も弱気で売り圧力が強まりやすい
  https://irbank.net/9308/140120260326590584
2026-04-07T12:33:19.259177	🟢 **[TDnet] 7389 あいち FG**
  業績予想の修正及び配当予想の修正(増配)に関するお知らせ
  スコア: +70 (BUY)  キーワード: 増配
  示唆: 株主還元強化。配当利回り目的の買いが入りやすい。ただしマクロ環境は弱気(SELL)、注意が必要
  https://irbank.net/7389/140120260319585119
2026-04-07T12:33:19.710825	🔴 **[TDnet] 9308 乾汽船**
  特別損失(減損損失)の計上並びに2026年3月期連結業績予想及び配当予想の修正に関するお知らせ
  スコア: -50 (SELL)  キーワード: 特別損失
  示唆: 一時的な損失計上。規模次第で株価への影響が変わる。マクロ環境も弱気で売り圧力が強まりやすい
  https://irbank.net/9308/140120260324587689
2026-04-07T12:33:20.320383	🟢 **[TDnet] 8609 岡三証券グループ**
  株主還元方針の強化に伴う特別配当および普通配当の増額を含む期末配当予定(2026年3月期)に関するお知らせ
  スコア: +60 (BUY)  キーワード: 特別配当
  示唆: 予想外の還元策。サプライズ買いが入りやすい。ただしマクロ環境は弱気(SELL)、注意が必要
  https://irbank.net/8609/140120260326590240
2026-04-07T12:33:20.739000	🟢 **[TDnet] 3353 メディカル一光グループ**
  剰余金の配当(増配)に関するお知らせ
  スコア: +70 (BUY)  キーワード: 増配
  示唆: 株主還元強化。配当利回り目的の買いが入りやすい。ただしマクロ環境は弱気(SELL)、注意が必要
  https://irbank.net/3353/140120260325588136
2026-04-07T12:33:21.308857	🟢 **[TDnet] 4763 クリーク・アンド・リバー社**
  業績予想及び配当予想の修正(増配)に関するお知らせ
  スコア: +70 (BUY)  キーワード: 増配
  示唆: 株主還元強化。配当利回り目的の買いが入りやすい。ただしマクロ環境は弱気(SELL)、注意が必要
  https://irbank.net/4763/140120260326589533
2026-04-07T12:33:21.730462	🟢 **[TDnet] 3804 システムディ**
  株式分割及び株式分割に伴う定款の一部変更ならびに配当予想の修正(増配)に関するお知らせ
  スコア: +70 (BUY)  キーワード: 増配
  示唆: 株主還元強化。配当利回り目的の買いが入りやすい。ただしマクロ環境は弱気(SELL)、注意が必要
  https://irbank.net/3804/140120260325588265
2026-04-07T12:33:22.161570	🟢 **[TDnet] 9698 クレオ**
  業績予想の修正及び配当予想の修正(増配)に関するお知らせ
  スコア: +70 (BUY)  キーワード: 増配
  示唆: 株主還元強化。配当利回り目的の買いが入りやすい。ただしマクロ環境は弱気(SELL)、注意が必要
  https://irbank.net/9698/140120260325588657
2026-04-07T12:33:22.588143	🟢 **[TDnet] 9880 イノテック**
  業績予想および配当予想の修正(特別配当)に関するお知らせ
  スコア: +60 (BUY)  キーワード: 特別配当
  示唆: 予想外の還元策。サプライズ買いが入りやすい。ただしマクロ環境は弱気(SELL)、注意が必要
  https://irbank.net/9880/140120260325588753
2026-04-07T12:33:23.051017	🔴 **[TDnet] 6467 ニチダイ**
  固定資産の減損損失及び通期連結業績予想値の修正、並びに配当予想の修正(減配)に関するお知らせ
  スコア: -60 (SELL)  キーワード: 減配
  示唆: 株主還元後退。配当目的の投資家が売りに転じる可能性。マクロ環境も弱気で売り圧力が強まりやすい
  https://irbank.net/6467/140120260325588199
2026-04-07T12:33:23.454472	🔴 **[TDnet] 6197 ソラスト**
  2026年3月期配当予想の修正(無配)に関するお知らせ
  スコア: -70 (SELL)  キーワード: 無配
  示唆: 配当消滅。高配当目的の投資家から売られやすい。マクロ環境も弱気で売り圧力が強まりやすい
  https://irbank.net/6197/140120260318584166
2026-04-07T12:33:24.174482	🔴 **[TDnet] 4650 SDエンターテイメント**
  剰余金の配当(無配)に関するお知らせ
  スコア: -70 (SELL)  キーワード: 無配
  示唆: 配当消滅。高配当目的の投資家から売られやすい。マクロ環境も弱気で売り圧力が強まりやすい
  https://irbank.net/4650/140120260324587536
2026-04-07T12:33:24.640452	🟢 **[TDnet] 3241 ウィル**
  業績修正及び配当予想の修正(増配)に関するお知らせ
  スコア: +70 (BUY)  キーワード: 増配
  示唆: 株主還元強化。配当利回り目的の買いが入りやすい。ただしマクロ環境は弱気(SELL)、注意が必要
  https://irbank.net/3241/140120260206551053
2026-04-07T12:33:25.211305	🔴 **[TDnet] 3913 GreenBee**
  和解金の支払いに伴う特別損失の計上、業績修正に関するお知らせ
  スコア: -50 (SELL)  キーワード: 特別損失
  示唆: 一時的な損失計上。規模次第で株価への影響が変わる。マクロ環境も弱気で売り圧力が強まりやすい
  https://irbank.net/3913/140120230908552516
2026-04-07T12:33:25.766675	🔴 **[TDnet] 9873 日本KFC HD**
  平成28年3月期通期の業績修正及び特別損失計上に関するお知らせ
  スコア: -50 (SELL)  キーワード: 特別損失
  示唆: 一時的な損失計上。規模次第で株価への影響が変わる。マクロ環境も弱気で売り圧力が強まりやすい
  https://irbank.net/9873/140120160420462755
2026-04-07T12:33:26.218316	🔴 **[TDnet] 6772 東京コスモス電機**
  特別損失の計上及び平成28年3月期通期連結業績修正に関するお知らせ
  スコア: -50 (SELL)  キーワード: 特別損失
  示唆: 一時的な損失計上。規模次第で株価への影響が変わる。マクロ環境も弱気で売り圧力が強まりやすい
  https://irbank.net/6772/140120160208408343
2026-04-07T12:33:26.715972	🟢 **[TDnet] 7501 ティムコ**
  堅果シナジー投資事業有限責任組合による当社株式に対する公開買付けの開始に関するお知らせ
  📌被買付（買いチャンス）
  スコア: +90 (BUY)  キーワード: TOB対象
  示唆: 公開買付けの対象銘柄。買付価格へのプレミアム鞘寄せで株価上昇が見込まれる。ただしマクロ環境は弱気(SELL)、注意が必要
  https://irbank.net/7501/140120260407599281
2026-04-07T12:33:27.345607	🟢 **[TDnet] 3271 THEグローバル社**
  大東建託株式会社による当社株式に対する公開買付けに関する賛同の意見表明及び応募の推奨のお知らせ
  📌被買付（買いチャンス）
  スコア: +90 (BUY)  キーワード: TOB対象
  示唆: 公開買付けの対象銘柄。買付価格へのプレミアム鞘寄せで株価上昇が見込まれる。ただしマクロ環境は弱気(SELL)、注意が必要
  https://irbank.net/3271/140120260406598899
2026-04-07T12:33:27.842519	🟢 **[TDnet] 3082 きちり HD**
  自己株式取得状況に関するお知らせ
  スコア: +50 (BUY)  キーワード: 自己株式取得
  示唆: 需給改善・EPS向上。株価下支え効果が見込まれる。ただしマクロ環境は弱気(SELL)、注意が必要
  https://irbank.net/3082/140120260402597312
2026-04-07T12:33:28.254354	🟢 **[TDnet] 2432 ディー・エヌ・エー**
  自己株式取得状況に関するお知らせ(2026年3月度)
  スコア: +50 (BUY)  キーワード: 自己株式取得
  示唆: 需給改善・EPS向上。株価下支え効果が見込まれる。ただしマクロ環境は弱気(SELL)、注意が必要
  https://irbank.net/2432/140120260403598224
2026-04-07T12:33:28.671030	🟢 **[TDnet] 9927 ワットマン**
  IAPF3株式会社による当社株式に対する公開買付けの結果並びに親会社、主要株主及び主要株主である筆頭株主の異動に関するお知らせ
  📌被買付（買いチャンス）
  スコア: +90 (BUY)  キーワード: TOB対象
  示唆: 公開買付けの対象銘柄。買付価格へのプレミアム鞘寄せで株価上昇が見込まれる。ただしマクロ環境は弱気(SELL)、注意が必要
  https://irbank.net/9927/140120260403597857
2026-04-07T12:33:29.081062	🟢 **[TDnet] 6198 キャリア**
  自己株式取得状況に関するお知らせ
  スコア: +50 (BUY)  キーワード: 自己株式取得
  示唆: 需給改善・EPS向上。株価下支え効果が見込まれる。ただしマクロ環境は弱気(SELL)、注意が必要
  https://irbank.net/6198/140120260402597563
2026-04-07T12:33:29.545651	🟢 **[TDnet] 7545 西松屋チェーン**
  自己株式取得に係る事項の決定に関するお知らせ
  スコア: +50 (BUY)  キーワード: 自己株式取得
  示唆: 需給改善・EPS向上。株価下支え効果が見込まれる。ただしマクロ環境は弱気(SELL)、注意が必要
  https://irbank.net/7545/140120260402597421
2026-04-07T12:33:30.008005	🟢 **[TDnet] 8289 Olympicグループ**
  (株)パン・パシフィック・インターナショナルホールディングス(PPIH)と(株)Olympicグループの株式交換契約締結及びPPIHの子会社異動のお知らせ
  📌被買付（買いチャンス）
  スコア: +85 (BUY)  キーワード: 株式交換対象
  示唆: 株式交換で親会社株に転換。交換比率に基づく理論価格へ鞘寄せが進む。ただしマクロ環境は弱気(SELL)、注意が必要
  https://irbank.net/8289/140120260405598496
2026-04-07T12:33:30.479957	🟢 **[TDnet] 2763 エフティグループ**
  株式会社光通信による当社の完全子会社化に関する株式交換契約締結(簡易株式交換)のお知らせ
  📌被買付（買いチャンス）
  スコア: +85 (BUY)  キーワード: 株式交換対象
  示唆: 株式交換で親会社株に転換。交換比率に基づく理論価格へ鞘寄せが進む。ただしマクロ環境は弱気(SELL)、注意が必要
  https://irbank.net/2763/140120260331594512
2026-04-07T12:33:30.893776	🟢 **[TDnet] 2667 イメージワン**
  当社と創イノベーション株式会社との簡易株式交換の日程変更に関するお知らせ
  📌被買付（買いチャンス）
  スコア: +80 (BUY)  キーワード: TOB対象
  示唆: 公開買付けの対象銘柄。買付価格へのプレミアム鞘寄せで株価上昇が見込まれる。ただしマクロ環境は弱気(SELL)、注意が必要
  https://irbank.net/2667/140120260323586239
2026-04-07T12:33:31.295015	🟢 **[TDnet] 8334 群馬銀行**
  株式会社群馬銀行と株式会社第四北越フィナンシャルグループの株式交換による経営統合に関する最終合意について
  📌被買付（買いチャンス）
  スコア: +80 (BUY)  キーワード: TOB対象
  示唆: 公開買付けの対象銘柄。買付価格へのプレミアム鞘寄せで株価上昇が見込まれる。ただしマクロ環境は弱気(SELL)、注意が必要
  https://irbank.net/8334/140120260325588341
2026-04-07T12:33:31.694402	🟢 **[TDnet] 7327 第四北越 FG**
  株式会社群馬銀行と株式会社第四北越フィナンシャルグループの株式交換による経営統合に関する最終合意について
  📌被買付（買いチャンス）
  スコア: +80 (BUY)  キーワード: TOB対象
  示唆: 公開買付けの対象銘柄。買付価格へのプレミアム鞘寄せで株価上昇が見込まれる。ただしマクロ環境は弱気(SELL)、注意が必要
  https://irbank.net/7327/140120260326589431
2026-04-07T12:33:32.106355	🟢 **[TDnet] 7068 フィードフォースグループ**
  株式会社ECPowerの株式取得及び簡易株式交換による完全子会社化に関するお知らせ
  📌被買付（買いチャンス）
  スコア: +85 (BUY)  キーワード: 株式交換対象
  示唆: 株式交換で親会社株に転換。交換比率に基づく理論価格へ鞘寄せが進む。ただしマクロ環境は弱気(SELL)、注意が必要
  https://irbank.net/7068/140120260326589804
2026-04-07T12:33:32.541909	🟢 **[TDnet] 3612 ワールド**
  株式交換による1株に満たない端数の処理に伴う自己株式の買取りに関するお知らせ(会社法第234条第4項及び第5項の規定に基づく自己株式の買取り)
  📌被買付（買いチャンス）
  スコア: +80 (BUY)  キーワード: TOB対象
  示唆: 公開買付けの対象銘柄。買付価格へのプレミアム鞘寄せで株価上昇が見込まれる。ただしマクロ環境は弱気(SELL)、注意が必要
  https://irbank.net/3612/140120260319585112
2026-04-07T12:33:33.024824	🟢 **[TDnet] 7685 BuySell Technologies**
  (訂正)「株式会社DelightZの株式取得及び簡易株式交換による完全子会社化に関するお知らせ」の一部訂正に関するお知らせ
  📌被買付（買いチャンス）
  スコア: +85 (BUY)  キーワード: 株式交換対象
  示唆: 株式交換で親会社株に転換。交換比率に基づく理論価格へ鞘寄せが進む。ただしマクロ環境は弱気(SELL)、注意が必要
  https://irbank.net/7685/140120260315582101
2026-04-07T12:33:33.427744	🟢 **[TDnet] 5727 東邦チタニウム**
  JX金属株式会社による東邦チタニウム株式会社の完全子会社化に関する株式交換契約(簡易株式交換)及び経営統合契約締結のお知らせ
  📌被買付（買いチャンス）
  スコア: +85 (BUY)  キーワード: 株式交換対象
  示唆: 株式交換で親会社株に転換。交換比率に基づく理論価格へ鞘寄せが進む。ただしマクロ環境は弱気(SELL)、注意が必要
  https://irbank.net/5727/140120260225568235
2026-04-07T12:33:33.800126	🟢 **[TDnet] 5016 JX金属**
  JX金属株式会社による東邦チタニウム株式会社の完全子会社化に関する株式交換契約(簡易株式交換)及び経営統合契約締結のお知らせ
  📌被買付（買いチャンス）
  スコア: +85 (BUY)  キーワード: 株式交換対象
  示唆: 株式交換で親会社株に転換。交換比率に基づく理論価格へ鞘寄せが進む。ただしマクロ環境は弱気(SELL)、注意が必要
  https://irbank.net/5016/140120260225569033
2026-04-07T12:33:34.180983	🟢 **[TDnet] 9628 燦 HD**
  株式交換による1株に満たない端数の処理に伴う自己株式の買取りに関するお知らせ
  📌被買付（買いチャンス）
  スコア: +80 (BUY)  キーワード: TOB対象
  示唆: 公開買付けの対象銘柄。買付価格へのプレミアム鞘寄せで株価上昇が見込まれる。ただしマクロ環境は弱気(SELL)、注意が必要
  https://irbank.net/9628/140120260213559828
2026-04-07T12:33:34.638984	🟢 **[TDnet] 6750 エレコム**
  株式交換による1株に満たない端数の処理に伴う自己株式の買取りに関するお知らせ
  📌被買付（買いチャンス）
  スコア: +80 (BUY)  キーワード: TOB対象
  示唆: 公開買付けの対象銘柄。買付価格へのプレミアム鞘寄せで株価上昇が見込まれる。ただしマクロ環境は弱気(SELL)、注意が必要
  https://irbank.net/6750/140120260128540294
2026-04-07T12:33:35.014014	🟢 **[TDnet] 7685 BuySell Technologies**
  株式会社DelightZの株式取得及び簡易株式交換による完全子会社化に関するお知らせ
  📌被買付（買いチャンス）
  スコア: +85 (BUY)  キーワード: 株式交換対象
  示唆: 株式交換で親会社株に転換。交換比率に基づく理論価格へ鞘寄せが進む。ただしマクロ環境は弱気(SELL)、注意が必要
  https://irbank.net/7685/140120260213561005
2026-04-07T12:33:35.498220	🟢 **[TDnet] 7445 ライトオン**
  株式交換契約に係る臨時株主総会の承認可決に関するお知らせ
  📌被買付（買いチャンス）
  スコア: +80 (BUY)  キーワード: TOB対象
  示唆: 公開買付けの対象銘柄。買付価格へのプレミアム鞘寄せで株価上昇が見込まれる。ただしマクロ環境は弱気(SELL)、注意が必要
  https://irbank.net/7445/140120260129541713
2026-04-07T12:33:35.860399	🟢 **[TDnet] 6371 椿本チエイン**
  株式交換による1株に満たない端数の処理に伴う自己株式の買取りに関するお知らせ
  📌被買付（買いチャンス）
  スコア: +80 (BUY)  キーワード: TOB対象
  示唆: 公開買付けの対象銘柄。買付価格へのプレミアム鞘寄せで株価上昇が見込まれる。ただしマクロ環境は弱気(SELL)、注意が必要
  https://irbank.net/6371/140120260127539142
2026-04-07T12:33:36.232703	🟢 **[TDnet] 9171 栗林商船**
  栗林商船株式会社による三陸運輸株式会社の完全子会社化に関する株式交換契約締結(簡易株式交換)のお知らせ
  📌被買付（買いチャンス）
  スコア: +85 (BUY)  キーワード: 株式交換対象
  示唆: 株式交換で親会社株に転換。交換比率に基づく理論価格へ鞘寄せが進む。ただしマクロ環境は弱気(SELL)、注意が必要
  https://irbank.net/9171/140120260116534799
2026-04-07T12:33:36.709835	🟢 **[TDnet] 9171 栗林商船**
  栗林商船株式会社による株式会社ケイセブンの完全子会社化に関する株式交換契約締結(簡易株式交換)のお知らせ
  📌被買付（買いチャンス）
  スコア: +85 (BUY)  キーワード: 株式交換対象
  示唆: 株式交換で親会社株に転換。交換比率に基づく理論価格へ鞘寄せが進む。ただしマクロ環境は弱気(SELL)、注意が必要
  https://irbank.net/9171/140120260120535880
2026-04-07T12:33:37.087197	🟢 **[TDnet] 4080 田中化学研究所**
  (開示事項の経過)住友化学株式会社と株式会社田中化学研究所の簡易株式交換における株式交換比率の決定に関するお知らせ
  📌被買付（買いチャンス）
  スコア: +80 (BUY)  キーワード: TOB対象
  示唆: 公開買付けの対象銘柄。買付価格へのプレミアム鞘寄せで株価上昇が見込まれる。ただしマクロ環境は弱気(SELL)、注意が必要
  https://irbank.net/4080/140120260116535282
2026-04-07T12:33:37.442489	🟢 **[TDnet] 4005 住友化学**
  (開示事項の経過)住友化学株式会社と株式会社田中化学研究所の簡易株式交換における株式交換比率の決定に関するお知らせ
  📌被買付（買いチャンス）
  スコア: +80 (BUY)  キーワード: TOB対象
  示唆: 公開買付けの対象銘柄。買付価格へのプレミアム鞘寄せで株価上昇が見込まれる。ただしマクロ環境は弱気(SELL)、注意が必要
  https://irbank.net/4005/140120260116534969
2026-04-07T12:33:37.806280	🟢 **[TDnet] 3727 アプリックス**
  持株会社体制への移行を前提とした株式交換に関するご説明資料
  📌被買付（買いチャンス）
  スコア: +80 (BUY)  キーワード: TOB対象
  示唆: 公開買付けの対象銘柄。買付価格へのプレミアム鞘寄せで株価上昇が見込まれる。ただしマクロ環境は弱気(SELL)、注意が必要
  https://irbank.net/3727/140120260116535083
2026-04-07T12:33:38.167458	🟢 **[TDnet] 3727 アプリックス**
  株式会社アプリックスと株式会社グローバルキャストの持株会社体制への移行を前提とした株式交換に関する最終合意に関するお知らせ
  📌被買付（買いチャンス）
  スコア: +80 (BUY)  キーワード: TOB対象
  示唆: 公開買付けの対象銘柄。買付価格へのプレミアム鞘寄せで株価上昇が見込まれる。ただしマクロ環境は弱気(SELL)、注意が必要
  https://irbank.net/3727/140120260116535099
2026-04-07T12:33:38.588394	🟢 **[TDnet] 3391 ツルハ HD**
  株式交換による1株に満たない端数の処理に伴う自己株式の買取りに関するお知らせ
  📌被買付（買いチャンス）
  スコア: +80 (BUY)  キーワード: TOB対象
  示唆: 公開買付けの対象銘柄。買付価格へのプレミアム鞘寄せで株価上昇が見込まれる。ただしマクロ環境は弱気(SELL)、注意が必要
  https://irbank.net/3391/140120260107530438
2026-04-07T12:33:39.066380	🟢 **[TDnet] 6060 こころネット**
  株式交換契約に関する臨時株主総会の承認可決のお知らせ
  📌被買付（買いチャンス）
  スコア: +80 (BUY)  キーワード: TOB対象
  示唆: 公開買付けの対象銘柄。買付価格へのプレミアム鞘寄せで株価上昇が見込まれる。ただしマクロ環境は弱気(SELL)、注意が必要
  https://irbank.net/6060/140120251223524579
2026-04-07T12:33:39.449134	🟢 **[TDnet] 3612 ワールド**
  株式交換により増加する「資本準備金」の額の減少及び「その他資本剰余金」への振替に関するお知らせ
  📌被買付（買いチャンス）
  スコア: +80 (BUY)  キーワード: TOB対象
  示唆: 公開買付けの対象銘柄。買付価格へのプレミアム鞘寄せで株価上昇が見込まれる。ただしマクロ環境は弱気(SELL)、注意が必要
  https://irbank.net/3612/140120251217521034
2026-04-07T12:33:39.860460	🟢 **[TDnet] 5254 Arent**
  株式会社レッツの株式取得及び簡易株式交換による完全子会社化に関するお知らせ
  📌被買付（買いチャンス）
  スコア: +85 (BUY)  キーワード: 株式交換対象
  示唆: 株式交換で親会社株に転換。交換比率に基づく理論価格へ鞘寄せが進む。ただしマクロ環境は弱気(SELL)、注意が必要
  https://irbank.net/5254/140120251205515474
2026-04-07T12:33:40.303697	🟢 **[TDnet] 5592 くすりの窓口**
  メディ・ウェブの簡易株式交換による完全子会社化に伴う医療機関向け市場への本格参入
  📌被買付（買いチャンス）
  スコア: +85 (BUY)  キーワード: 株式交換対象
  示唆: 株式交換で親会社株に転換。交換比率に基づく理論価格へ鞘寄せが進む。ただしマクロ環境は弱気(SELL)、注意が必要
  https://irbank.net/5592/140120251205515135
2026-04-07T12:33:40.689172	🟢 **[TDnet] 2809 キユーピー**
  株式交換による1株に満たない端数の処理に伴う自己株式の買取りに関するお知らせ
  📌被買付（買いチャンス）
  スコア: +80 (BUY)  キーワード: TOB対象
  示唆: 公開買付けの対象銘柄。買付価格へのプレミアム鞘寄せで株価上昇が見込まれる。ただしマクロ環境は弱気(SELL)、注意が必要
  https://irbank.net/2809/140120251126509317
2026-04-07T12:33:41.086909	🟢 **[TDnet] 7318 セレンディップHD**
  組織再編(子会社間の株式交換)及び子会社の商号変更に関するお知らせ
  📌被買付（買いチャンス）
  スコア: +80 (BUY)  キーワード: TOB対象
  示唆: 公開買付けの対象銘柄。買付価格へのプレミアム鞘寄せで株価上昇が見込まれる。ただしマクロ環境は弱気(SELL)、注意が必要
  https://irbank.net/7318/140120251118505504
2026-04-07T12:33:41.469124	🟢 **[TDnet] 3612 ワールド**
  株式会社ワールドによる株式会社ライトオンの完全子会社化に関する株式交換契約締結(簡易株式交換)のお知らせ
  📌被買付（買いチャンス）
  スコア: +85 (BUY)  キーワード: 株式交換対象
  示唆: 株式交換で親会社株に転換。交換比率に基づく理論価格へ鞘寄せが進む。ただしマクロ環境は弱気(SELL)、注意が必要
  https://irbank.net/3612/140120251113599778
2026-04-07T12:33:41.854159	🟢 **[TDnet] 7352 TWOSTONE&Sons**
  株式会社FAMの株式取得及び簡易株式交換による完全子会社化に関するお知らせ
  📌被買付（買いチャンス）
  スコア: +85 (BUY)  キーワード: 株式交換対象
  示唆: 株式交換で親会社株に転換。交換比率に基づく理論価格へ鞘寄せが進む。ただしマクロ環境は弱気(SELL)、注意が必要
  https://irbank.net/7352/140120251114502655
2026-04-07T12:33:42.256586	🟢 **[TDnet] 7445 ライトオン**
  株式会社ワールドによる株式会社ライトオンの完全子会社化に関する株式交換契約締結(簡易株式交換)のお知らせ
  📌被買付（買いチャンス）
  スコア: +85 (BUY)  キーワード: 株式交換対象
  示唆: 株式交換で親会社株に転換。交換比率に基づく理論価格へ鞘寄せが進む。ただしマクロ環境は弱気(SELL)、注意が必要
  https://irbank.net/7445/140120251114503767
2026-04-07T12:33:42.712552	🟢 **[TDnet] 9048 名古屋鉄道**
  特別利益(関係会社株式交換益)の計上に関するお知らせ
  📌被買付（買いチャンス）
  スコア: +80 (BUY)  キーワード: TOB対象
  示唆: 公開買付けの対象銘柄。買付価格へのプレミアム鞘寄せで株価上昇が見込まれる。ただしマクロ環境は弱気(SELL)、注意が必要
  https://irbank.net/9048/140120251105588432
2026-04-07T12:33:43.084853	🟢 **[TDnet] 5254 Arent**
  株式会社建設ドットウェブの株式取得及び簡易株式交換による完全子会社化に関するお知らせ
  📌被買付（買いチャンス）
  スコア: +85 (BUY)  キーワード: 株式交換対象
  示唆: 株式交換で親会社株に転換。交換比率に基づく理論価格へ鞘寄せが進む。ただしマクロ環境は弱気(SELL)、注意が必要
  https://irbank.net/5254/140120251029581450
2026-04-07T12:33:43.460303	🟢 **[TDnet] 4005 住友化学**
  住友化学株式会社による株式会社田中化学研究所の完全子会社化に関する株式交換契約締結(簡易株式交換)のお知らせ
  📌被買付（買いチャンス）
  スコア: +85 (BUY)  キーワード: 株式交換対象
  示唆: 株式交換で親会社株に転換。交換比率に基づく理論価格へ鞘寄せが進む。ただしマクロ環境は弱気(SELL)、注意が必要
  https://irbank.net/4005/140120251028580175
2026-04-07T12:33:43.819011	🟢 **[TDnet] 4080 田中化学研究所**
  住友化学株式会社による株式会社田中化学研究所の完全子会社化に関する株式交換契約締結(簡易株式交換)のお知らせの開示の件
  📌被買付（買いチャンス）
  スコア: +85 (BUY)  キーワード: 株式交換対象
  示唆: 株式交換で親会社株に転換。交換比率に基づく理論価格へ鞘寄せが進む。ただしマクロ環境は弱気(SELL)、注意が必要
  https://irbank.net/4080/140120251028580269
2026-04-07T12:33:44.224396	🟢 **[TDnet] 6930 日本アンテナ**
  株式交換契約に係る臨時株主総会の承認可決に関するお知らせ
  📌被買付（買いチャンス）
  スコア: +80 (BUY)  キーワード: TOB対象
  示唆: 公開買付けの対象銘柄。買付価格へのプレミアム鞘寄せで株価上昇が見込まれる。ただしマクロ環境は弱気(SELL)、注意が必要
  https://irbank.net/6930/140120250919560165
2026-04-07T12:33:44.686136	🟢 **[TDnet] 9628 燦 HD**
  燦ホールディングス株式会社とこころネット株式会社との経営統合に関する株式交換契約締結(簡易株式交換)及び燦ホールディングス株式会社における子会社の異動
  📌被買付（買いチャンス）
  スコア: +80 (BUY)  キーワード: TOB対象
  示唆: 公開買付けの対象銘柄。買付価格へのプレミアム鞘寄せで株価上昇が見込まれる。ただしマクロ環境は弱気(SELL)、注意が必要
  https://irbank.net/9628/140120251022577289
2026-04-07T12:33:45.066001	🟢 **[TDnet] 6060 こころネット**
  燦ホールディングス株式会社とこころネット株式会社との経営統合に関する株式交換契約締結(簡易株式交換)及び燦ホールディングス株式会社における子会社の異動
  📌被買付（買いチャンス）
  スコア: +80 (BUY)  キーワード: TOB対象
  示唆: 公開買付けの対象銘柄。買付価格へのプレミアム鞘寄せで株価上昇が見込まれる。ただしマクロ環境は弱気(SELL)、注意が必要
  https://irbank.net/6060/140120251023577431
2026-04-07T12:33:45.454992	🟢 **[TDnet] 7205 日野自動車**
  (開示事項の経過)当社及び三菱ふそうトラック・バス株式会社の経営統合に係る株式交換契約の締結に関するお知らせ
  📌被買付（買いチャンス）
  スコア: +80 (BUY)  キーワード: TOB対象
  示唆: 公開買付けの対象銘柄。買付価格へのプレミアム鞘寄せで株価上昇が見込まれる。ただしマクロ環境は弱気(SELL)、注意が必要
  https://irbank.net/7205/140120251020575672
2026-04-07T12:33:45.861065	🟢 **[TDnet] 6634 JNグループ**
  (開示事項の経過)連結子会社の異動(株式交換)の完了及び株式会社CAICA DIGITAL(証券コード:2315)の持分法適用会社化に関するお知らせ
  📌被買付（買いチャンス）
  スコア: +80 (BUY)  キーワード: TOB対象
  示唆: 公開買付けの対象銘柄。買付価格へのプレミアム鞘寄せで株価上昇が見込まれる。ただしマクロ環境は弱気(SELL)、注意が必要
  https://irbank.net/6634/140120251015574371
2026-04-07T12:33:46.254422	🟢 **[TDnet] 3612 ワールド**
  株式交換による1株に満たない端数の処理に伴う自己株式の買取りに関するお知らせ(会社法第234条第4項及び第5項の規定に基づく自己株式の買取り)
  📌被買付（買いチャンス）
  スコア: +80 (BUY)  キーワード: TOB対象
  示唆: 公開買付けの対象銘柄。買付価格へのプレミアム鞘寄せで株価上昇が見込まれる。ただしマクロ環境は弱気(SELL)、注意が必要
  https://irbank.net/3612/140120251015573643
2026-04-07T12:33:46.683072	🟢 **[TDnet] 2901 ウェルディッシュ**
  株式会社IMGホールディングスの株式交換による完全子会社化に関するお知らせ
  📌被買付（買いチャンス）
  スコア: +85 (BUY)  キーワード: 株式交換対象
  示唆: 株式交換で親会社株に転換。交換比率に基づく理論価格へ鞘寄せが進む。ただしマクロ環境は弱気(SELL)、注意が必要
  https://irbank.net/2901/140120251014573361
2026-04-07T12:33:47.042036	🟢 **[TDnet] 3770 ザッパラス**
  株式交換契約に係る株主総会の承認可決に関するお知らせ
  📌被買付（買いチャンス）
  スコア: +80 (BUY)  キーワード: TOB対象
  示唆: 公開買付けの対象銘柄。買付価格へのプレミアム鞘寄せで株価上昇が見込まれる。ただしマクロ環境は弱気(SELL)、注意が必要
  https://irbank.net/3770/140120250930565659
2026-04-07T12:33:47.412901	🟢 **[TDnet] 3562 No.1**
  株式会社LGICの株式取得及び同社との株式交換(簡易株式交換)による完全子会社化に関するお知らせ
  📌被買付（買いチャンス）
  スコア: +85 (BUY)  キーワード: 株式交換対象
  示唆: 株式交換で親会社株に転換。交換比率に基づく理論価格へ鞘寄せが進む。ただしマクロ環境は弱気(SELL)、注意が必要
  https://irbank.net/3562/140120250926562858
2026-04-07T12:33:47.797020	🟢 **[TDnet] 2830 アヲハタ**
  株式交換契約に係る株主総会の承認可決に関するお知らせ
  📌被買付（買いチャンス）
  スコア: +80 (BUY)  キーワード: TOB対象
  示唆: 公開買付けの対象銘柄。買付価格へのプレミアム鞘寄せで株価上昇が見込まれる。ただしマクロ環境は弱気(SELL)、注意が必要
  https://irbank.net/2830/140120250925562344
2026-04-07T12:33:48.165693	🟢 **[TDnet] 9166 GENDA**
  株式会社メロ・ワークスの簡易株式交換による完全子会社化に関するお知らせ
  📌被買付（買いチャンス）
  スコア: +85 (BUY)  キーワード: 株式交換対象
  示唆: 株式交換で親会社株に転換。交換比率に基づく理論価格へ鞘寄せが進む。ただしマクロ環境は弱気(SELL)、注意が必要
  https://irbank.net/9166/140120250925562465
2026-04-07T12:33:48.575548	🟢 **[TDnet] 9252 ラストワンマイル**
  株式交換による1株に満たない端数の処理に伴う自己株式の買取りに関するお知らせ
  📌被買付（買いチャンス）
  スコア: +80 (BUY)  キーワード: TOB対象
  示唆: 公開買付けの対象銘柄。買付価格へのプレミアム鞘寄せで株価上昇が見込まれる。ただしマクロ環境は弱気(SELL)、注意が必要
  https://irbank.net/9252/140120250911556172
2026-04-07T12:33:48.981763	🟢 **[TDnet] 3050 DCM HD**
  株式交換による1株に満たない端数の処理に伴う自己株式の買取りに関するお知らせ
  📌被買付（買いチャンス）
  スコア: +80 (BUY)  キーワード: TOB対象
  示唆: 公開買付けの対象銘柄。買付価格へのプレミアム鞘寄せで株価上昇が見込まれる。ただしマクロ環境は弱気(SELL)、注意が必要
  https://irbank.net/3050/140120250911556510
2026-04-07T12:33:49.366754	🟢 **[TDnet] 2170 リンクアンドモチベーション**
  株式交換による1株に満たない端数の処理に伴う自己株式の買取りに関するお知らせ
  📌被買付（買いチャンス）
  スコア: +80 (BUY)  キーワード: TOB対象
  示唆: 公開買付けの対象銘柄。買付価格へのプレミアム鞘寄せで株価上昇が見込まれる。ただしマクロ環境は弱気(SELL)、注意が必要
  https://irbank.net/2170/140120250909554995
2026-04-07T12:33:49.719198	🟢 **[TDnet] 9275 ナルミヤ・インターナショナル**
  株式交換契約に係る臨時株主総会の承認可決に関するお知らせ
  📌被買付（買いチャンス）
  スコア: +80 (BUY)  キーワード: TOB対象
  示唆: 公開買付けの対象銘柄。買付価格へのプレミアム鞘寄せで株価上昇が見込まれる。ただしマクロ環境は弱気(SELL)、注意が必要
  https://irbank.net/9275/140120250825547077
2026-04-07T12:33:50.081362	🟢 **[TDnet] 9166 GENDA**
  株式会社キャラット等の株式取得及び簡易株式交換による完全子会社化に関するお知らせ
  📌被買付（買いチャンス）
  スコア: +85 (BUY)  キーワード: 株式交換対象
  示唆: 株式交換で親会社株に転換。交換比率に基づく理論価格へ鞘寄せが進む。ただしマクロ環境は弱気(SELL)、注意が必要
  https://irbank.net/9166/140120250827548470
2026-04-07T12:33:50.700637	🟢 **[TDnet] 6930 日本アンテナ**
  エレコム株式会社による日本アンテナ株式会社の完全子会社化に関する株式交換契約締結及びエレコムグループと日本アンテナ株式会社の経営統合契約締結のお知らせ
  📌被買付（買いチャンス）
  スコア: +85 (BUY)  キーワード: 株式交換対象
  示唆: 株式交換で親会社株に転換。交換比率に基づく理論価格へ鞘寄せが進む。ただしマクロ環境は弱気(SELL)、注意が必要
  https://irbank.net/6930/140120250819544432
2026-04-07T12:33:51.090856	🟢 **[TDnet] 6750 エレコム**
  エレコム株式会社による日本アンテナ株式会社の完全子会社化に関する株式交換契約締結及びエレコムグループと日本アンテナ株式会社の経営統合契約締結のお知らせ
  📌被買付（買いチャンス）
  スコア: +85 (BUY)  キーワード: 株式交換対象
  示唆: 株式交換で親会社株に転換。交換比率に基づく理論価格へ鞘寄せが進む。ただしマクロ環境は弱気(SELL)、注意が必要
  https://irbank.net/6750/140120250820544948
2026-04-07T12:33:51.465392	🟢 **[TDnet] 8267 イオン**
  株式交換による1株に満たない端数の処理に伴う自己株式の買取りに関するお知らせ(会社法第234条第4項及び第5項の規定に基づく自己株式の買取り)
  📌被買付（買いチャンス）
  スコア: +80 (BUY)  キーワード: TOB対象
  示唆: 公開買付けの対象銘柄。買付価格へのプレミアム鞘寄せで株価上昇が見込まれる。ただしマクロ環境は弱気(SELL)、注意が必要
  https://irbank.net/8267/140120250807534288
2026-04-07T12:33:51.921046	🟢 **[TDnet] 6177 AppBank**
  (開示事項の経過)株式会社PWAN及びmusica lab株式会社との株式交換(子会社化)に関する株式交換契約の締結に関するお知らせ
  📌被買付（買いチャンス）
  スコア: +85 (BUY)  キーワード: 株式交換対象
  示唆: 株式交換で親会社株に転換。交換比率に基づく理論価格へ鞘寄せが進む。ただしマクロ環境は弱気(SELL)、注意が必要
  https://irbank.net/6177/140120250804529351
2026-04-07T12:33:52.343890	🟢 **[TDnet] 2170 リンクアンドモチベーション**
  (変更)「株式会社リンクアンドモチベーションによるUnipos株式会社の完全子会社化に向けた株式交換契約の締結に関するお知らせ」の一部変更に関するお知らせ
  📌被買付（買いチャンス）
  スコア: +85 (BUY)  キーワード: 株式交換対象
  示唆: 株式交換で親会社株に転換。交換比率に基づく理論価格へ鞘寄せが進む。ただしマクロ環境は弱気(SELL)、注意が必要
  https://irbank.net/2170/140120250731525634
2026-04-07T04:16:57.273479	=== 日米リードラグ シグナル 2026-04-07(火) ===

■ 確信度: 中 (1.21) — ポジション控えめ推奨

■ 本日の推奨ポジション
【ロング（寄付き買い→引け売り）】
  1625.T 電気・精密      +0.9250
  1631.T 銀行         +0.8750
  1629.T 商社・卸売      +0.6000
  1633.T 不動産        +0.4250
  1618.T エネルギー資源    +0.4000
  1620.T 素材・化学      +0.3750

【ショート（様子見）】
  1628.T 運輸・物流      -0.3500
  1626.T 情報通信・サービス  -0.3750
  1621.T 医薬品        -0.6250
  1617.T 食品         -0.6250
  1630.T 小売         -0.8000
  1627.T 電力・ガス      -0.8750

■ 米国市場（前日）
  Consumer Staples +0.9% / Consumer Discr. +0.8% / Energy +0.7% / Financials +0.7% / Technology +0.6%
  ファクター: グローバル: -0.062 / 国スプレッド: -0.894 / シクリカル: +0.059

■ 実績
  前日: -0.89% / 月次: -0.42% / 年初来: -5.59%
========================================

■ BTC（前日）
  現在値: $68,640 (-0.6%)
  24h高値: $70,243 / 安値: $68,382

■ マクロシグナル
  判定: 弱気 (SELL)  スコア: -39
  fear_greed: 11 (Extreme Fear) (-78)
  vix: 24.2 (+0)

■ 注目ニュース
  [+50] Americans are increasingly saying they won’t pay their taxes this year as a political protest. Here’s what could happen to them. (MarketWatch)
    https://www.marketwatch.com/story/americans-are-increasingly-saying-they-wont-pay-their-taxes-this-year-as-a-political-protest-heres-what-could-happen-to-them-c0a3563c?mod=mw_rss_topstories

■ 適時開示
  [+90] 7501 ティムコ TOB対象 📌被買付
    https://irbank.net/7501/140120260407599281
  [+90] 3271 THEグローバル社 TOB対象 📌被買付
    https://irbank.net/3271/140120260406598899
  [+90] 9927 ワットマン TOB対象 📌被買付
    https://irbank.net/9927/140120260403597857
  [+85] 8289 Olympicグループ 株式交換対象 📌被買付
    https://irbank.net/8289/140120260405598496
  [+85] 2763 エフティグループ 株式交換対象 📌被買付
    https://irbank.net/2763/140120260331594512
